module_name,current_version,newest_version,links,notes,tag
Mogul.SeoManager.dll,,,https://nuget.optimizely.com/package/?id=Mogul.SEO.Manager.Package,,1
Mogul.SeoManager.Commerce.dll,,,,,0
EPiServer.Commerce.Azure.dll,,,https://nuget.optimizely.com/package/?id=EPiServer.Commerce.Azure,,1
EPiServer.Find.UI.dll,,,,,0
Hunspellx64.dll,,,https://api.nuget.org/v3-flatcontainer/wecantspell.hunspell/index.json,,1
Polly.Core.dll,,,https://api.nuget.org/v3-flatcontainer/polly.core/index.json,,1
EPiServer.Tracking.Core.dll,,,https://nuget.optimizely.com/package/?id=EPiServer.Tracking.Core,,1
Azure.Storage.Files.Shares.dll,,,,,0
EPiServer.Labs.Find.Toolbox.dll,,,https://github.com/episerver/EPiServer.Labs.Find.Toolbox,,1
EPiServer.Marketing.Testing.Dal.dll,,,,,0
EPiServer.Shell.UI.dll,,,,,1
Azure.Security.KeyVault.Keys.dll,,,https://api.nuget.org/v3-flatcontainer/azure.security.keyvault.keys/index.json,,1
Optimizely.OptiGPT.Client.dll,,,https://nuget.optimizely.com/package/?id=Optimizely.OptiGPT.Client,,1
EPiServer.Cms.UI.Admin.dll,,,https://nuget.optimizely.com/package/?id=EPiServer.CMS.UI.Admin,,1
Lucene.Net.Sandbox.dll,,,,,0
EPiServer.Cms.AspNetCore.Routing.dll,,,https://nuget.optimizely.com/package/?id=EPiServer.CMS.AspNetCore.Routing,,1
EPiServer.UI.dll,,,https://nuget.optimizely.com/package/?id=EPiServer.CMS.UI,,1
HtmlAgilityPack.dll,,,https://api.nuget.org/v3-flatcontainer/htmlagilitypack/index.json,,1
EPiServer.Commerce.ODP.dll,,,https://nuget.optimizely.com/package/?id=EPiServer.Commerce.ODP,,1
Polly.dll,,,https://api.nuget.org/v3-flatcontainer/polly/index.json,,1
AWSSDK.S3.dll,,,https://api.nuget.org/v3-flatcontainer/awssdk.s3/index.json,,1
EPiServer.Shell.dll,,,,,0
EPiServer.Licensing.dll,,,,,0
EPiServer.Find.Commerce.dll,,,https://nuget.optimizely.com/package/?id=EPiServer.Find.Commerce,,1
Azure.Storage.Common.dll,,,https://api.nuget.org/v3-flatcontainer/azure.storage.common/index.json,,1
BouncyCastle.Crypto.dll,,,,,0
Lucene.Net.dll,,,,,0
EPiServer.Commerce.Shell.dll,,,,,0
EPiServer.Commerce.Bolt.dll,,,,,0
EPiServer.Cms.HealthCheck.dll,,,https://nuget.optimizely.com/package/?id=EPiServer.Cms.HealthCheck,,1
Rotativa.AspNetCore.dll,,,https://api.nuget.org/v3-flatcontainer/rotativa.aspnetcore/index.json,,1
EPiServer.ImageLibrary.ImageSharp.dll,,,https://nuget.optimizely.com/package/?id=EPiServer.ImageLibrary.ImageSharp,,1
WeCantSpell.Hunspell.dll,,,https://api.nuget.org/v3-flatcontainer/wecantspell.hunspell/index.json,,1
AuthorizeNet.dll,,,https://api.nuget.org/v3-flatcontainer/authorizenet/index.json,,1
SixLabors.Fonts.dll,,,,,0
TWS.Analytics.dll,,,,,0
MimeKit.dll,,,https://api.nuget.org/v3-flatcontainer/mimekit/index.json,,1
EPiServer.Framework.AspNetCore.dll,,,https://nuget.optimizely.com/package/?id=EPiServer.Framework.AspNetCore,,1
EPiServer.Marketing.KPI.Commerce.dll,,,https://nuget.optimizely.com/package/?id=EPiServer.Marketing.KPI.Commerce,,1
Azure.Security.KeyVault.Secrets.dll,,,https://api.nuget.org/v3-flatcontainer/azure.security.keyvault.secrets/index.json,,1
Wangkanai.System.dll,,,https://api.nuget.org/v3-flatcontainer/wangkanai.system/index.json,,0
Stott.Optimizely.RobotsHandler.dll,,,https://nuget.optimizely.com/package/?id=Stott.Optimizely.RobotsHandler,,1
EPiCode.InspectInIndex.dll,,,https://nuget.optimizely.com/package/?id=EPiCode.InspectInIndex,,1
Azure.Core.dll,,,https://api.nuget.org/v3-flatcontainer/azure.core/index.json,,1
EPiServer.Cms.AspNetCore.Templating.dll,,,https://nuget.optimizely.com/package/?id=EPiServer.CMS.AspNetCore.Templating,,1
EPiServer.Data.dll,,,,,0
X.PagedList.Mvc.Core.dll,,,https://api.nuget.org/v3-flatcontainer/x.pagedlist.mvc.core/index.json,,1
EPiServer.Cms.AspNetCore.dll,,,https://nuget.optimizely.com/package/?id=EPiServer.CMS.AspNetCore,,1
EPiServer.dll,,,,,0
EPiServer.Cms.AspNetCore.Mvc.dll,,,https://nuget.optimizely.com/package/?id=EPiServer.CMS.AspNetCore.Mvc,,1
Wangkanai.Hosting.dll,,,https://github.com/wangkanai/wangkanai,,1
EPiServer.Events.dll,,,,,0
EPiServer.Tracking.Commerce.dll,,,https://nuget.optimizely.com/package/?id=EPiServer.Tracking.Commerce,,1
Castle.Windsor.dll,,,https://api.nuget.org/v3-flatcontainer/castle.windsor/index.json,,1
EPiServer.Commerce.Internal.Migration.dll,,,,,0
EPiServer.Forms.Samples.dll,,,https://nuget.optimizely.com/package/?id=EPiServer.Forms.Samples,,1
EPiServer.Cms.Warmup.dll,,,https://nuget.optimizely.com/package/?id=EPiServer.Cms.Warmup,,1
Azure.Storage.Blobs.dll,,,https://api.nuget.org/v3-flatcontainer/azure.storage.blobs/index.json,,1
EPiServer.CloudPlatform.Cms.dll,,,https://nuget.optimizely.com/package/?id=EPiServer.CloudPlatform.Cms,,1
EPIServer.Marketing.Messaging.dll,,,https://nuget.optimizely.com/package/?id=EPiServer.Marketing.Messaging,,1
EPiServer.CMS.dll,,,,,0
StarkbankEcdsa.dll,,,https://github.com/starkbank/ecdsa-dotnet,,1
CommandLine.dll,,,https://api.nuget.org/v3-flatcontainer/commandline.net/index.json,,1
EPiServer.Commerce.UI.dll,,,https://nuget.optimizely.com/package/?id=EPiServer.Commerce.UI,,1
EPiServer.Find.Statistics.dll,,,,,0
EPiServer.Find.Cms.dll,,,https://nuget.optimizely.com/package/?id=EPiServer.Find.Cms,,1
Geta.Optimizely.ContentTypeIcons.dll,,,https://github.com/Geta/geta-optimizely-contenttypeicons,,0
EPiServer.Cms.TinyMce.dll,,,https://nuget.optimizely.com/package/?id=EPiServer.CMS.TinyMce,,1
EPiServer.Cms.AspNetCore.TagHelpers.dll,,,https://nuget.optimizely.com/package/?id=EPiServer.CMS.AspNetCore.TagHelpers,,1
Mogul.SeoManager.Views.dll,,,,,0
Hunspellx86.dll,,,,,0
SendGrid.dll,,,https://api.nuget.org/v3-flatcontainer/sendgrid/index.json,,1
EPiServer.LinkAnalyzer.dll,,,,,0
EPiServer.Forms.UI.dll,,,,,0
SixLabors.ImageSharp.Web.dll,,,,,0
EPiServer.Cms.UI.VisitorGroups.dll,,,https://nuget.optimizely.com/package/?id=EPiServer.CMS.UI.VisitorGroups,,1
Newtonsoft.Json.dll,,,https://api.nuget.org/v3-flatcontainer/newtonsoft.json/index.json,,1
TWS.Website.dll,,,,,0
TWS.Commerce.Shared.dll,,,,,0
EPiServer.Commerce.UI.Admin.dll,,,https://nuget.optimizely.com/package/?id=EPiServer.Commerce.UI.Admin,,1
EPiServer.Cms.Shell.UI.dll,,,,,0
TWS.Search.Find.dll,,,,,0
Azure.Identity.dll,,,https://api.nuget.org/v3-flatcontainer/azure.identity/index.json,,1
EPiServer.Session.dll,,,https://nuget.optimizely.com/package/?id=EPiServer.Session,,1
TWS.CdnSupport.dll,,,,,0
EPiServer.Find.Optimizations.dll,,,,,0
EPiServer.AddOns.Helpers.dll,,,https://nuget.optimizely.com/package/?id=EPiServer.AddOns.Helpers,,1
J2N.dll,,,https://api.nuget.org/v3-flatcontainer/j2n/index.json,,1
MailKit.dll,,,https://api.nuget.org/v3-flatcontainer/mailkit/index.json,,1
EPiServer.Data.Cache.dll,,,,,0
Castle.Core.dll,,,https://api.nuget.org/v3-flatcontainer/castle.core/index.json,,1
EPiServer.Find.Framework.dll,,,https://nuget.optimizely.com/package/?id=EPiServer.Find.Framework,,1
Azure.Extensions.AspNetCore.DataProtection.Keys.dll,,,https://api.nuget.org/v3-flatcontainer/azure.extensions.aspnetcore.dataprotection.keys/index.json,,1
SkiaSharp.dll,,,https://api.nuget.org/v3-flatcontainer/skiasharp/index.json,,1
ICSharpCode.SharpZipLib.dll,,,,,1
EPiServer.Personalization.Content.UI.dll,,,https://nuget.optimizely.com/package/?id=EPiServer.Personalization.Content.UI,,1
EPiServer.Find.dll,,,https://nuget.optimizely.com/package/?id=EPiServer.Find,,1
Geta.Optimizely.Sitemaps.Commerce.dll,,,https://nuget.optimizely.com/package/?id=Geta.Optimizely.Sitemaps.Commerce,,1
Wangkanai.Detection.dll,,,https://api.nuget.org/v3-flatcontainer/skiasharp/index.json,,0
EPiServer.ApplicationModules.dll,,,,,0
EPiServer.Marketing.Testing.Core.dll,,,,,1
Azure.Messaging.ServiceBus.dll,,,https://api.nuget.org/v3-flatcontainer/azure.messaging.servicebus/index.json,,1
EPiServer.Marketing.Testing.Web.dll,,,,,1
SixLabors.ImageSharp.Drawing.dll,,,,,0
Geta.Optimizely.Sitemaps.dll,,,https://nuget.optimizely.com/package/?id=Geta.Optimizely.Sitemaps,,1
Humanizer.dll,,,https://api.nuget.org/v3-flatcontainer/humanizer/index.json,,1
EPiServer.Commerce.UI.CustomerService.dll,,,,,0
Geta.Mapping.dll,,,https://api.nuget.org/v3-flatcontainer/geta.mapping/index.json,,1
CsvHelper.dll,,,https://api.nuget.org/v3-flatcontainer/csvhelper/index.json,,1
DocumentFormat.OpenXml.dll,,,https://api.nuget.org/v3-flatcontainer/documentformat.openxml/index.json,,1
EPiServer.Business.Commerce.dll,,,,,0
EPiServer.Azure.dll,,,https://nuget.optimizely.com/package/?id=EPiServer.Azure,,1
EPiServer.Commerce.dll,,,https://nuget.optimizely.com/package/?id=EPiServer.Commerce,,1
SixLabors.ImageSharp.dll,,,https://github.com/SixLabors/ImageSharp,,1
Azure.Core.Amqp.dll,,,https://api.nuget.org/v3-flatcontainer/azure.core.amqp/index.json,,1
Mono.TextTemplating.dll,,,https://api.nuget.org/v3-flatcontainer/mono.texttemplating/index.json,,1
EPiServer.Cms.AspNetCore.HtmlHelpers.dll,,,https://nuget.optimizely.com/package/?id=EPiServer.CMS.AspNetCore.HtmlHelpers,,1
EPiServer.CloudPlatform.Commerce.dll,,,https://nuget.optimizely.com/package/?id=EPiServer.CloudPlatform.Commerce,,1
Baaijte.Optimizely.ImageSharp.Web.dll,,,https://nuget.optimizely.com/package/?id=Baaijte.Optimizely.ImageSharp.Web,,1
BouncyCastle.Cryptography.dll,,,https://api.nuget.org/v3-flatcontainer/bouncycastle.cryptography/index.json,,1
EPiServer.Forms.dll,,,https://nuget.optimizely.com/package/?id=EPiServer.Forms,,1
X.PagedList.dll,,,https://api.nuget.org/v3-flatcontainer/x.pagedlist/index.json,,1
RestSharp.dll,,,https://api.nuget.org/v3-flatcontainer/restsharp/index.json,,1
AWSSDK.Core.dll,,,https://api.nuget.org/v3-flatcontainer/awssdk.core/index.json,,1
Newtonsoft.Json.Bson.dll,,,,,0
EntityFramework.dll,,,https://api.nuget.org/v3-flatcontainer/entityframework/index.json,,1
EPiServer.Framework.dll,,,https://nuget.optimizely.com/package/?id=EPiServer.Framework,,1
EPiServer.Forms.Core.dll,,,https://nuget.optimizely.com/package/?id=EPiServer.Forms.Core,,1
Lucene.Net.Analysis.Common.dll,,,https://api.nuget.org/v3-flatcontainer/lucene.net.analysis.common/index.json,,1
EPiServer.Personalization.Commerce.dll,,,https://nuget.optimizely.com/package/?id=EPiServer.Personalization.Commerce,,1
EPiServer.Cms.UI.AspNetIdentity.dll,,,https://nuget.optimizely.com/package/?id=EPiServer.CMS.UI.AspNetIdentity,,1
EPiServer.Marketing.KPI.dll,,,https://nuget.optimizely.com/package/?id=EPiServer.Marketing.KPI,,1
EntityFramework.SqlServer.dll,,,,,1
EPiServer.ImageLibrary.dll,,,,,1
EPiServer.Cms.UI.Settings.dll,,,https://nuget.optimizely.com/package/?id=EPiServer.CMS.UI.Settings,,1
EPiServer.Cms.TinyMce.SpellChecker.dll,,,,,0
EPiServer.Labs.LanguageManager.dll,,,https://nuget.optimizely.com/package/?id=EPiServer.Labs.LanguageManager,,1
EPiServer.Personalization.Common.dll,,,https://nuget.optimizely.com/package/?id=EPiServer.Personalization.Common,,1
GoogleMapsEditor.dll,,,https://nuget.optimizely.com/package/?id=GoogleMapsEditor,,1
Lucene.Net.QueryParser.dll,,,https://api.nuget.org/v3-flatcontainer/lucene.net.queryparser/index.json,,1
SixLabors.ImageSharp.Web.Providers.Azure.dll,,,,,0
sni.dll,,,,,0
libSkiaSharp.dll,,,https://github.com/mono/SkiaSharp,,1
Lucene.Net.Queries.dll,,,https://api.nuget.org/v3-flatcontainer/lucene.net.queries/index.json,,1
EPiServer.Hosting.dll,,,https://nuget.optimizely.com/package/?id=EPiServer.Hosting,,1
EPiServer.Profiles.Client.Common.dll,,,https://nuget.optimizely.com/package/?id=EPiServer.Profiles.Client.Common,,1
Azure.Extensions.AspNetCore.DataProtection.Blobs.dll,,,https://api.nuget.org/v3-flatcontainer/azure.extensions.aspnetcore.dataprotection.blobs/index.json,,1
EPiServer.Commerce.Reporting.dll,,,,,0
EPiServer.Enterprise.dll,,,,,0
Azure.Storage.Queues.dll,,,https://api.nuget.org/v3-flatcontainer/azure.storage.queues/index.json,,1
Microsoft.ApplicationInsights.dll,,,https://api.nuget.org/v3-flatcontainer/microsoft.applicationinsights/index.json,,1
Microsoft.EntityFrameworkCore.dll,,,https://api.nuget.org/v3-flatcontainer/microsoft.entityframeworkcore/index.json,,1
Microsoft.IdentityModel.Tokens.dll,,,https://api.nuget.org/v3-flatcontainer/microsoft.identitymodel.tokens/index.json,,1
Microsoft.ApplicationInsights.Profiler.Core.dll,,,https://api.nuget.org/v3-flatcontainer/microsoft.applicationinsights.profiler.core/index.json,,1
Microsoft.WindowsAzure.Storage.dll,,,https://api.nuget.org/v3-flatcontainer/windowsazure.storage/index.json,,1
Microsoft.IdentityModel.Protocols.WsTrust.dll,,,,,0
System.ServiceModel.NetTcp.dll,,,https://api.nuget.org/v3-flatcontainer/system.servicemodel.nettcp/index.json,,1
System.Drawing.Common.dll,,,,,0
Microsoft.Azure.ServiceBus.dll,,,https://api.nuget.org/v3-flatcontainer/azure.messaging.servicebus/index.json,,1
Microsoft.ServiceProfiler.Common.Utilities.dll,,,,,0
Microsoft.ApplicationInsights.AspNetCore.dll,,,https://api.nuget.org/v3-flatcontainer/microsoft.applicationinsights.aspnetcore/index.json,,1
System.ServiceModel.Primitives.dll,,,,,0
System.Private.ServiceModel.resources.dll,,,,,0
Microsoft.CodeAnalysis.Workspaces.resources.dll,,,,,0
Microsoft.CodeAnalysis.CSharp.Workspaces.resources.dll,,,,,0
Microsoft.CodeAnalysis.resources.dll,,,,,0
Microsoft.CodeAnalysis.CSharp.resources.dll,,,,,0
System.IO.Packaging.dll,,,,,0
Microsoft.Identity.Client.Extensions.Msal.dll,,,,,0
Microsoft.CodeAnalysis.CSharp.Workspaces.dll,,,,,0
System.Windows.Extensions.dll,,,,,0
Microsoft.ServiceProfiler.Contract.Agent.dll,,,,,0
Microsoft.ServiceProfiler.EventPipe.Orchestration.dll,,,,,0
Microsoft.Win32.SystemEvents.dll,,,,,0
Microsoft.Rest.ClientRuntime.dll,,,,,0
Microsoft.EntityFrameworkCore.Design.dll,,,,,0
Microsoft.ServiceProfiler.Orchestration.dll,,,,,0
Microsoft.IdentityModel.Clients.ActiveDirectory.dll,,,,,0
System.Diagnostics.PerformanceCounter.dll,,,https://api.nuget.org/v3-flatcontainer/system.diagnostics.performancecounter/index.json,,1
Microsoft.AI.PerfCounterCollector.dll,,,https://api.nuget.org/v3-flatcontainer/microsoft.applicationinsights.perfcountercollector/index.json,,1
System.Composition.Convention.dll,,,,,0
Microsoft.ServiceProfiler.Utilities.dll,,,,,0
Microsoft.ServiceProfiler.Agent.FrontendClient.dll,,,,,0
Microsoft.Azure.Amqp.dll,,,https://api.nuget.org/v3-flatcontainer/microsoft.azure.amqp/index.json,,1
Microsoft.Azure.KeyVault.Core.dll,,,,,0
System.ServiceModel.Security.dll,,,https://api.nuget.org/v3-flatcontainer/system.servicemodel.security/index.json,,1
Microsoft.ServiceProfiler.Agent.Exceptions.dll,,,,,0
System.IO.Hashing.dll,,,,,0
Microsoft.AspNetCore.Authentication.OpenIdConnect.dll,,,https://api.nuget.org/v3-flatcontainer/microsoft.aspnetcore.authentication.openidconnect/index.json,,1
Microsoft.IO.RecyclableMemoryStream.dll,,,https://api.nuget.org/v3-flatcontainer/microsoft.io.recyclablememorystream/index.json,,1
System.ServiceModel.Federation.dll,,,,,0
System.Security.Cryptography.ProtectedData.dll,,,,,0
Microsoft.Extensions.DependencyModel.dll,,,https://api.nuget.org/v3-flatcontainer/microsoft.extensions.dependencymodel/index.json,,1
System.ServiceModel.dll,,,,,0
Microsoft.ServiceProfiler.ProcessMonitor.dll,,,,,0
System.CodeDom.dll,,,https://api.nuget.org/v3-flatcontainer/system.codedom/index.json,,1
System.Configuration.ConfigurationManager.dll,,,https://api.nuget.org/v3-flatcontainer/system.configuration.configurationmanager/index.json,,1
Microsoft.ServiceProfiler.HttpPipeline.dll,,,,,0
Microsoft.IdentityModel.Tokens.Saml.dll,,,https://api.nuget.org/v3-flatcontainer/microsoft.identitymodel.tokens.saml/index.json,,1
System.Composition.TypedParts.dll,,,https://api.nuget.org/v3-flatcontainer/system.composition.typedparts/index.json,,1
System.Linq.Async.dll,,,https://api.nuget.org/v3-flatcontainer/system.linq.async/index.json,,1
Microsoft.ServiceProfiler.Contract.Agent.Profiler.dll,,,,,0
Microsoft.CodeAnalysis.Razor.dll,,,https://api.nuget.org/v3-flatcontainer/microsoft.codeanalysis.razor/index.json,,1
Microsoft.Extensions.Logging.ApplicationInsights.dll,,,https://api.nuget.org/v3-flatcontainer/microsoft.extensions.logging.applicationinsights/index.json,,1
Microsoft.EntityFrameworkCore.Abstractions.dll,,,https://api.nuget.org/v3-flatcontainer/microsoft.entityframeworkcore.abstractions/index.json,,1
Microsoft.ServiceProfiler.Logging.dll,,,,,0
Microsoft.AspNetCore.Mvc.Razor.Extensions.dll,,,https://api.nuget.org/v3-flatcontainer/microsoft.aspnetcore.mvc.razor.extensions/index.json,,1
Microsoft.Rest.ClientRuntime.Azure.dll,,,,,0
System.IdentityModel.Tokens.Jwt.dll,,,https://api.nuget.org/v3-flatcontainer/system.identitymodel.tokens.jwt/index.json,,1
Microsoft.IdentityModel.Protocols.OpenIdConnect.dll,,,https://api.nuget.org/v3-flatcontainer/microsoft.identitymodel.protocols.openidconnect/index.json,,1
Microsoft.IdentityModel.Protocols.dll,,,https://api.nuget.org/v3-flatcontainer/microsoft.identitymodel.protocols/index.json,,1
Microsoft.Diagnostics.NETCore.Client.dll,,,https://api.nuget.org/v3-flatcontainer/microsoft.diagnostics.netcore.client/index.json,,1
Microsoft.ApplicationInsights.Profiler.Logging.dll,,,https://api.nuget.org/v3-flatcontainer/microsoft.applicationinsights.profiler.core/index.json,,1
Microsoft.ApplicationInsights.Profiler.HostingStartup30.dll,,,,,0
Microsoft.AspNetCore.Razor.Language.dll,,,https://api.nuget.org/v3-flatcontainer/microsoft.aspnetcore.razor.language/index.json,,1
Microsoft.EntityFrameworkCore.SqlServer.dll,,,https://api.nuget.org/v3-flatcontainer/microsoft.entityframeworkcore.sqlserver/index.json,,1
System.Runtime.Caching.dll,,,https://api.nuget.org/v3-flatcontainer/system.runtime.caching/index.json,,1
Microsoft.AspNetCore.JsonPatch.dll,,,https://api.nuget.org/v3-flatcontainer/microsoft.aspnetcore.jsonpatch/index.json,,1
System.ServiceModel.Duplex.dll,,,https://api.nuget.org/v3-flatcontainer/system.servicemodel.duplex/index.json,,1
System.Composition.AttributedModel.dll,,,https://api.nuget.org/v3-flatcontainer/system.composition.attributedmodel/index.json,,1
Microsoft.AI.DependencyCollector.dll,,,https://api.nuget.org/v3-flatcontainer/microsoft.applicationinsights.dependencycollector/index.json,,1
Microsoft.IdentityModel.Logging.dll,,,https://api.nuget.org/v3-flatcontainer/microsoft.identitymodel.logging/index.json,,1
Microsoft.Data.SqlClient.dll,,,https://api.nuget.org/v3-flatcontainer/microsoft.data.sqlclient/index.json,Bug in 5.2.0,1
System.Threading.AccessControl.dll,,,https://api.nuget.org/v3-flatcontainer/system.threading.accesscontrol/index.json,,1
System.Net.Http.Formatting.dll,,,,,0
Microsoft.SqlServer.Server.dll,,,,,0
Microsoft.ServiceProfiler.Contract.Http.dll,,,,,0
Microsoft.IdentityModel.Xml.dll,,,https://api.nuget.org/v3-flatcontainer/microsoft.identitymodel.xml/index.json,,1
Microsoft.CodeAnalysis.dll,,,https://api.nuget.org/v3-flatcontainer/microsoft.codeanalysis/index.json,,1
System.ServiceModel.Http.dll,,,https://api.nuget.org/v3-flatcontainer/system.servicemodel.http/index.json,,1
Microsoft.EntityFrameworkCore.Relational.dll,,,https://api.nuget.org/v3-flatcontainer/microsoft.entityframeworkcore.relational/index.json,,1
Microsoft.AspNetCore.Identity.EntityFrameworkCore.dll,,,https://api.nuget.org/v3-flatcontainer/microsoft.aspnetcore.identity.entityframeworkcore/index.json,,1
Microsoft.CodeAnalysis.CSharp.dll,,,https://api.nuget.org/v3-flatcontainer/microsoft.codeanalysis.csharp/index.json,,1
Microsoft.IdentityModel.Abstractions.dll,,,https://api.nuget.org/v3-flatcontainer/microsoft.identitymodel.abstractions/index.json,,1
Microsoft.AI.EventCounterCollector.dll,,,,,0
Microsoft.AspNetCore.Mvc.NewtonsoftJson.dll,,,https://api.nuget.org/v3-flatcontainer/microsoft.aspnetcore.mvc.newtonsoftjson/index.json,,1
System.Data.SqlClient.dll,,,https://api.nuget.org/v3-flatcontainer/system.data.sqlclient/index.json,,1
System.Security.Permissions.dll,,,https://api.nuget.org/v3-flatcontainer/system.security.permissions/index.json,,1
Microsoft.CodeAnalysis.Workspaces.dll,,,https://api.nuget.org/v3-flatcontainer/microsoft.codeanalysis.workspaces.common/index.json,,1
Microsoft.Identity.Client.dll,,,https://api.nuget.org/v3-flatcontainer/microsoft.identity.client/index.json,,1
System.Composition.Hosting.dll,,,https://api.nuget.org/v3-flatcontainer/system.composition.hosting/index.json,,1
Microsoft.Bcl.AsyncInterfaces.dll,,,https://api.nuget.org/v3-flatcontainer/microsoft.bcl.asyncinterfaces/index.json,,1
System.Memory.Data.dll,,,https://api.nuget.org/v3-flatcontainer/system.memory.data/index.json,,1
Microsoft.Azure.Services.AppAuthentication.dll,,,,,0
Microsoft.IdentityModel.JsonWebTokens.dll,,,https://api.nuget.org/v3-flatcontainer/microsoft.identitymodel.jsonwebtokens/index.json,,1
System.Composition.Runtime.dll,,,https://api.nuget.org/v3-flatcontainer/system.composition.runtime/index.json,,1
Microsoft.AI.WindowsServer.dll,,,,,0
Microsoft.AI.ServerTelemetryChannel.dll,,,,,0
System.ServiceModel.Syndication.dll,,,https://api.nuget.org/v3-flatcontainer/system.servicemodel.syndication/index.json,,1
Microsoft.Data.SqlClient.SNI.dll,,,https://api.nuget.org/v3-flatcontainer/microsoft.data.sqlclient.sni/index.json,,1
Microsoft.ServiceProfiler.Agent.FrontendClient.Profiler.dll,,,,,0
System.Private.ServiceModel.dll,,,,,0
Microsoft.ApplicationInsights.Profiler.AspNetCore.dll,,,https://api.nuget.org/v3-flatcontainer/microsoft.applicationinsights.profiler.aspnetcore/index.json,,1
Mediachase.Search.Extensions.Azure.dll,,,,,0
Mediachase.Search.LuceneAzureSearchProvider.dll,,,,,0
Mediachase.Commerce.Plugins.Shipping.dll,,,,,0
Mediachase.Search.dll,,,,,0
Mediachase.Commerce.Workflow.dll,,,,,0
Mediachase.MetaDataPlus.dll,,,,,0
Mediachase.BusinessFoundation.Data.dll,,,,,0
Mediachase.DataProvider.dll,,,,,0
Mediachase.Commerce.dll,,,,,0
Mediachase.Search.Extensions.dll,,,,,0
Mediachase.Commerce.Website.dll,,,,,0
Mediachase.Commerce.Plugins.Payment.dll,,,,,0
Mediachase.SqlDataProvider.dll,,,,,0
Mediachase.Search.LuceneSearchProvider.dll,,,,,0
Luminos.Search.Episerver.Cms.dll,,,,,0
Adyen.dll,,,https://api.nuget.org/v3-flatcontainer/adyen/index.json,,1
FluentMigrator.dll,,,https://api.nuget.org/v3-flatcontainer/fluentmigrator/index.json,,1
FluentMigrator.Runner.Oracle.dll,,,,,0
FluentMigrator.Abstractions.resources.dll,,,,,0
Microsoft.Dynamics.Retail.Diagnostics.dll,,,,,0
Luminos.Search.Episerver.dll,,,,,0
Microsoft.Spatial.dll,,,https://api.nuget.org/v3-flatcontainer/microsoft.spatial/index.json,,1
Avensia.Storefront.Connector.Common.dll,,,https://nuget.optimizely.com/package/?id=Avensia.Storefront.Connector.Common,,1
FluentMigrator.Runner.Db2.dll,,,https://api.nuget.org/v3-flatcontainer/fluentmigrator.runner.db2/index.json,,1
Riskified.SDK.dll,,,https://api.nuget.org/v3-flatcontainer/riskified.sdk/index.json,,1
MediatR.Contracts.dll,,,https://api.nuget.org/v3-flatcontainer/mediatr.contracts/index.json,,1
Microsoft.OData.Client.dll,,,https://api.nuget.org/v3-flatcontainer/microsoft.odata.client/index.json,,1
RazorEngine.NetCore.dll,,,https://api.nuget.org/v3-flatcontainer/razorengine.netcore/index.json,,1
FluentMigrator.Extensions.SqlServer.dll,,,https://api.nuget.org/v3-flatcontainer/fluentmigrator.extensions.sqlserver/index.json,,1
Luminos.ExtensionLibrary.dll,,,,,1
AutoMapper.Extensions.Microsoft.DependencyInjection.dll,,,https://api.nuget.org/v3-flatcontainer/automapper/index.json,,1
Microsoft.Extensions.Diagnostics.HealthChecks.Abstractions.dll,,,https://api.nuget.org/v3-flatcontainer/microsoft.extensions.diagnostics.healthchecks.abstractions/index.json,,2
Rhino.Licensing.dll,,,,,0
StackExchange.Redis.dll,,,https://api.nuget.org/v3-flatcontainer/stackexchange.redis/index.json,,1
IdentityModel.dll,,,https://api.nuget.org/v3-flatcontainer/identitymodel/index.json,,1
Dapper.dll,,,https://api.nuget.org/v3-flatcontainer/dapper/index.json,,1
Microsoft.Extensions.Logging.Abstractions.dll,,,https://api.nuget.org/v3-flatcontainer/microsoft.extensions.logging.abstractions/index.json,,1
System.Security.Cryptography.Pkcs.dll,,,https://api.nuget.org/v3-flatcontainer/system.security.cryptography.pkcs/index.json,,1
Luminos.Search.Core.dll,,,,,1
Luminos.Search.Episerver.Commerce.dll,,,,,1
Microsoft.Dynamics.Commerce.Runtime.Framework.dll,,,,,0
FluentMigrator.Runner.Postgres.dll,,,https://api.nuget.org/v3-flatcontainer/fluentmigrator.runner.postgres/index.json,,1
Avensia.Storefront.Connector.Opti.dll,,,Avensia.Storefront.Connector.Opti 12.1.0 (optimizely.com),,1
FluentFTP.dll,,,https://api.nuget.org/v3-flatcontainer/fluentftp/index.json,,1
FluentMigrator.Runner.MySql.dll,,,,,0
FluentMigrator.Runner.SqlServer.dll,,,https://api.nuget.org/v3-flatcontainer/fluentmigrator.runner.sqlserver/index.json,,1
Microsoft.IdentityModel.Clients.ActiveDirectory.Platform.dll,,,https://api.nuget.org/v3-flatcontainer/microsoft.identity.client/index.json,,1
Avensia.Storefront.Connector.D365ScaleUnit.dll,,,https://nuget.optimizely.com/package/?id=Avensia.Storefront.Connector.D365ScaleUnit,,1
FluentMigrator.Runner.dll,,,,,0
Jenson.Web.dll,,,,,0
Microsoft.Extensions.DependencyInjection.dll,,,https://api.nuget.org/v3-flatcontainer/microsoft.extensions.dependencyinjection/index.json,,1
FluentMigrator.Runner.Redshift.dll,,,,,0
Microsoft.AspNetCore.ResponseCaching.Abstractions.dll,,,,,0
System.IO.FileSystem.Primitives.dll,,,https://api.nuget.org/v3-flatcontainer/system.io.filesystem.primitives/index.json,,1
System.Diagnostics.Tracing.dll,,,https://api.nuget.org/v3-flatcontainer/system.diagnostics.tracing/index.json,,2
Microsoft.AspNetCore.HostFiltering.dll,,,https://api.nuget.org/v3-flatcontainer/microsoft.extensions.primitives/index.json,,2
Microsoft.Extensions.Primitives.dll,,,https://api.nuget.org/v3-flatcontainer/microsoft.extensions.primitives/index.json,,2
System.Security.Cryptography.X509Certificates.dll,,,https://api.nuget.org/v3-flatcontainer/system.security.cryptography.x509certificates/index.json,,2
System.Text.Encodings.Web.dll,,,https://api.nuget.org/v3-flatcontainer/system.text.encodings.web/index.json,,2
Microsoft.AspNetCore.Server.Kestrel.Transport.Quic.dll,,,,,2
System.ObjectModel.dll,,,,,2
System.Windows.dll,,,,,2
Microsoft.AspNetCore.Mvc.Abstractions.dll,,,,,2
System.ComponentModel.EventBasedAsync.dll,,,,,2
System.Threading.ThreadPool.dll,,,,,2
System.Threading.Overlapped.dll,,,,,2
System.Diagnostics.StackTrace.dll,,,https://api.nuget.org/v3-flatcontainer/system.diagnostics.stacktrace/index.json,,2
System.Net.WebSockets.dll,,,https://api.nuget.org/v3-flatcontainer/system.net.websockets/index.json,,2
System.Reflection.Emit.dll,,,,,2
System.Resources.Reader.dll,,,,,2
System.Net.Requests.dll,,,https://api.nuget.org/v3-flatcontainer/system.net.requests/index.json,,2
Microsoft.AspNetCore.Rewrite.dll,,,,,2
Microsoft.Extensions.Logging.Debug.dll,,,,,2
System.Xml.Linq.dll,,,,,2
System.Threading.Tasks.Dataflow.dll,,,,,2
Microsoft.AspNetCore.Http.Connections.dll,,,https://api.nuget.org/v3-flatcontainer/microsoft.aspnetcore.http.connections.client/index.json,,2
Microsoft.AspNetCore.Localization.Routing.dll,,,,,2
System.Security.Cryptography.OpenSsl.dll,,,,,2
System.Net.NetworkInformation.dll,,,,,2
Microsoft.Extensions.Configuration.Binder.dll,,,,,2
System.Formats.Asn1.dll,,,,,2
System.Console.dll,,,,,2
System.Reflection.Primitives.dll,,,,,2
Microsoft.AspNetCore.ResponseCompression.dll,,,,,2
Microsoft.AspNetCore.Mvc.RazorPages.dll,,,,,2
System.Runtime.Serialization.Json.dll,,,,,2
System.ComponentModel.dll,,,,,2
Microsoft.Win32.Primitives.dll,,,,,2
System.Runtime.Serialization.Formatters.dll,,,,,2
Microsoft.AspNetCore.DataProtection.dll,,,,,2
Microsoft.AspNetCore.Components.dll,,,,,2
System.IO.IsolatedStorage.dll,,,,,2
Microsoft.AspNetCore.Routing.Abstractions.dll,,,,,2
Microsoft.AspNetCore.Antiforgery.dll,,,,,2
System.Net.NameResolution.dll,,,https://api.nuget.org/v3-flatcontainer/system.net.nameresolution/index.json,,2
Microsoft.AspNetCore.Components.Forms.dll,,,,,2
System.Net.Primitives.dll,,,,,2
Microsoft.Extensions.Localization.dll,,,https://api.nuget.org/v3-flatcontainer/microsoft.extensions.localization/index.json,,2
Microsoft.AspNetCore.Session.dll,,,,,2
System.IO.UnmanagedMemoryStream.dll,,,https://api.nuget.org/v3-flatcontainer/system.io.unmanagedmemorystream/index.json,,2
Microsoft.Extensions.Configuration.KeyPerFile.dll,,,,,2
Microsoft.Extensions.Options.dll,,,,,2
Microsoft.AspNetCore.Metadata.dll,,,,,2
System.Runtime.InteropServices.dll,,,,,2
Microsoft.AspNetCore.Cryptography.KeyDerivation.dll,,,,,2
System.Configuration.dll,,,,,2
Microsoft.AspNetCore.Connections.Abstractions.dll,,,https://api.nuget.org/v3-flatcontainer/microsoft.aspnetcore.connections.abstractions/index.json,,2
System.Net.WebProxy.dll,,,,,0
System.Xml.Serialization.dll,,,,,0
System.Xml.ReaderWriter.dll,,,,,0
Microsoft.Extensions.FileProviders.Abstractions.dll,,,,,0
System.Runtime.CompilerServices.Unsafe.dll,,,,,0
System.Core.dll,,,,,0
System.Linq.Expressions.dll,,,,,0
System.Linq.dll,,,,,0
Microsoft.AspNetCore.CookiePolicy.dll,,,,,0
Microsoft.AspNetCore.HttpsPolicy.dll,,,,,0
Microsoft.AspNetCore.Http.dll,,,,,0
System.Diagnostics.Process.dll,,,,,0
Microsoft.Net.Http.Headers.dll,,,,,0
System.Diagnostics.Debug.dll,,,,,0
Microsoft.Extensions.Options.ConfigurationExtensions.dll,,,,,0
System.Threading.Tasks.Extensions.dll,,,,,0
Microsoft.AspNetCore.Authorization.Policy.dll,,,,,0
System.Numerics.dll,,,,,0
System.IO.Pipelines.dll,,,,,0
Microsoft.AspNetCore.Http.Abstractions.dll,,,,,0
Microsoft.AspNetCore.HttpLogging.dll,,,,,0
Microsoft.AspNetCore.Mvc.DataAnnotations.dll,,,,,0
System.IO.FileSystem.DriveInfo.dll,,,,,0
System.Net.Mail.dll,,,,,0
Microsoft.AspNetCore.ResponseCaching.dll,,,,,0
System.Reflection.TypeExtensions.dll,,,,,0
Microsoft.AspNetCore.Components.Web.dll,,,,,0
System.Collections.dll,,,,,0
System.Resources.Writer.dll,,,,,0
Microsoft.AspNetCore.Authorization.dll,,,,,0
System.Numerics.Vectors.dll,,,,,0
Microsoft.Extensions.Diagnostics.HealthChecks.Abstractions.dll,,,,,0
Microsoft.Extensions.Configuration.Abstractions.dll,,,,,0
Microsoft.CSharp.dll,,,,,0
System.Runtime.Serialization.Xml.dll,,,,,0
Microsoft.AspNetCore.StaticFiles.dll,,,,,0
Microsoft.Extensions.Features.dll,,,,,0
Microsoft.Extensions.Logging.dll,,,,,0
System.ValueTuple.dll,,,,,0
System.Security.Principal.Windows.dll,,,,,0
Microsoft.Extensions.Logging.Abstractions.dll,,,,,0
Microsoft.AspNetCore.Diagnostics.HealthChecks.dll,,,,,0
Microsoft.Extensions.Hosting.Abstractions.dll,,,,,0
System.Net.ServicePoint.dll,,,,,0
System.Drawing.Primitives.dll,,,,,0
System.Resources.ResourceManager.dll,,,,,0
System.ServiceModel.Web.dll,,,,,0
Microsoft.Extensions.ObjectPool.dll,,,,,0
System.Security.dll,,,,,0
System.Security.Principal.dll,,,,,0
System.Net.Http.Json.dll,,,,,0
Microsoft.Extensions.WebEncoders.dll,,,,,0
Microsoft.AspNetCore.Mvc.Formatters.Xml.dll,,,,,0
System.Net.HttpListener.dll,,,,,0
Microsoft.Extensions.FileSystemGlobbing.dll,,,,,0
Microsoft.Extensions.Caching.Abstractions.dll,,,,,0
System.Xml.XPath.XDocument.dll,,,,,0
System.dll,,,,,0
Microsoft.AspNetCore.Authentication.Core.dll,,,,,0
System.Diagnostics.TraceSource.dll,,,,,0
Microsoft.Extensions.FileProviders.Physical.dll,,,,,0
System.Runtime.CompilerServices.VisualC.dll,,,,,0
Microsoft.Extensions.Configuration.FileExtensions.dll,,,,,0
Microsoft.Extensions.FileProviders.Embedded.dll,,,,,0
Microsoft.AspNetCore.Authentication.Cookies.dll,,,,,0
Microsoft.AspNetCore.HttpOverrides.dll,,,,,0
Microsoft.Extensions.DependencyInjection.Abstractions.dll,,,,,0
Microsoft.AspNetCore.Identity.dll,,,,,0
System.Runtime.Loader.dll,,,,,0
System.Reflection.DispatchProxy.dll,,,,,0
Microsoft.Extensions.Logging.TraceSource.dll,,,,,0
Microsoft.Extensions.Configuration.Ini.dll,,,,,0
System.Xml.XmlDocument.dll,,,,,0
Microsoft.AspNetCore.Authentication.OAuth.dll,,,,,0
Microsoft.AspNetCore.Hosting.Server.Abstractions.dll,,,,,0
System.Diagnostics.Contracts.dll,,,,,0
Microsoft.AspNetCore.SignalR.dll,,,,,0
System.Text.Encoding.CodePages.dll,,,,,0
System.ComponentModel.Annotations.dll,,,,,0
Microsoft.AspNetCore.Server.HttpSys.dll,,,,,0
System.Reflection.dll,,,,,0
System.Threading.Tasks.dll,,,,,0
netstandard.dll,,,,,0
System.Memory.dll,,,,,0
WindowsBase.dll,,,,,0
Microsoft.Extensions.DependencyInjection.dll,,,,,0
Microsoft.Extensions.Configuration.EnvironmentVariables.dll,,,,,0
System.IO.Compression.dll,,,,,0
Microsoft.AspNetCore.Server.IISIntegration.dll,,,,,0
System.Collections.Specialized.dll,,,,,0
System.Transactions.dll,,,,,0
System.IO.FileSystem.Watcher.dll,,,,,0
Microsoft.AspNetCore.Components.Server.dll,,,,,0
Microsoft.AspNetCore.Authentication.Abstractions.dll,,,,,0
System.IO.FileSystem.AccessControl.dll,,,,,0
System.Security.Claims.dll,,,,,0
System.Threading.Timer.dll,,,,,0
Microsoft.AspNetCore.Localization.dll,,,,,0
System.Text.Json.dll,,,,,0
System.Security.Cryptography.Algorithms.dll,,,,,0
System.ServiceProcess.dll,,,,,0
System.Diagnostics.FileVersionInfo.dll,,,,,0
System.Net.WebClient.dll,,,,,0
Microsoft.Extensions.Configuration.dll,,,,,0
System.Collections.Immutable.dll,,,,,0
System.IO.dll,,,,,0
Microsoft.Extensions.Caching.Memory.dll,,,,,0
System.Drawing.dll,,,,,0
System.Threading.dll,,,,,0
Microsoft.Extensions.Localization.Abstractions.dll,,,,,0
System.Collections.Concurrent.dll,,,,,0
System.Security.Cryptography.Xml.dll,,,,,0
Microsoft.AspNetCore.Authentication.dll,,,,,0
System.Security.AccessControl.dll,,,,,0
System.IO.Compression.Brotli.dll,,,,,0
System.Runtime.Serialization.dll,,,,,0
Microsoft.Extensions.Identity.Stores.dll,,,,,0
Microsoft.AspNetCore.SignalR.Core.dll,,,,,0
System.IO.Compression.ZipFile.dll,,,,,0
System.ComponentModel.TypeConverter.dll,,,,,0
Microsoft.AspNetCore.Razor.dll,,,,,0
System.Text.Encoding.Extensions.dll,,,,,0
System.Data.DataSetExtensions.dll,,,,,0
System.Net.WebHeaderCollection.dll,,,,,0
Microsoft.AspNetCore.Http.Results.dll,,,,,0
System.Security.Cryptography.Encoding.dll,,,,,0
Microsoft.Extensions.Configuration.Json.dll,,,,,0
System.Threading.Channels.dll,,,,,0
System.ComponentModel.DataAnnotations.dll,,,,,0
System.Diagnostics.DiagnosticSource.dll,,,,,0
Microsoft.AspNetCore.Razor.Runtime.dll,,,,,0
System.Runtime.Handles.dll,,,,,0
Microsoft.AspNetCore.DataProtection.Extensions.dll,,,,,0
Microsoft.AspNetCore.DataProtection.Abstractions.dll,,,,,0
Microsoft.Extensions.Configuration.UserSecrets.dll,,,,,0
Microsoft.AspNetCore.Routing.dll,,,,,0
Microsoft.AspNetCore.Diagnostics.dll,,,,,0
System.Security.Cryptography.Primitives.dll,,,,,0
System.Collections.NonGeneric.dll,,,,,0
Microsoft.Win32.Registry.dll,,,,,0
Microsoft.AspNetCore.Mvc.Localization.dll,,,,,0
System.Security.Cryptography.Cng.dll,,,,,0
System.Xml.dll,,,,,0
System.Data.Common.dll,,,,,0
System.Linq.Queryable.dll,,,,,0
Microsoft.AspNetCore.Mvc.dll,,,,,0
System.Diagnostics.TextWriterTraceListener.dll,,,,,0
System.Xml.XmlSerializer.dll,,,,,0
Microsoft.AspNetCore.Server.Kestrel.dll,,,,,0
Microsoft.AspNetCore.Mvc.ViewFeatures.dll,,,,,0
System.Reflection.Emit.ILGeneration.dll,,,,,0
System.Net.Ping.dll,,,,,0
System.Xml.XPath.dll,,,,,0
System.IO.Pipes.AccessControl.dll,,,,,0
Microsoft.Extensions.Logging.Configuration.dll,,,,,0
System.Reflection.Emit.Lightweight.dll,,,,,0
Microsoft.Extensions.Diagnostics.HealthChecks.dll,,,,,0
Microsoft.AspNetCore.Http.Extensions.dll,,,,,0
Microsoft.Extensions.Logging.EventLog.dll,,,,,0
Microsoft.AspNetCore.Mvc.Core.dll,,,,,0
Microsoft.AspNetCore.Http.Features.dll,,,,,0
Microsoft.AspNetCore.WebSockets.dll,,,,,0
System.Runtime.Extensions.dll,,,,,0
Microsoft.AspNetCore.Mvc.Formatters.Json.dll,,,,,0
System.Web.HttpUtility.dll,,,,,0
Microsoft.Extensions.FileProviders.Composite.dll,,,,,0
Microsoft.AspNetCore.Mvc.Razor.dll,,,,,0
Microsoft.AspNetCore.Hosting.Abstractions.dll,,,,,0
System.Net.Security.dll,,,,,0
Microsoft.AspNetCore.Cors.dll,,,,,0
Microsoft.Extensions.Hosting.dll,,,,,0
Microsoft.Extensions.Configuration.Xml.dll,,,,,0
Microsoft.AspNetCore.Diagnostics.Abstractions.dll,,,,,0
Microsoft.Extensions.Options.DataAnnotations.dll,,,,,0
Microsoft.VisualBasic.dll,,,,,0
Microsoft.AspNetCore.Html.Abstractions.dll,,,,,0
System.Transactions.Local.dll,,,,,0
System.Text.Encoding.dll,,,,,0
System.Diagnostics.Tools.dll,,,,,0
System.IO.MemoryMappedFiles.dll,,,,,0
Microsoft.AspNetCore.Hosting.dll,,,,,0
System.IO.Compression.FileSystem.dll,,,,,0
System.Security.SecureString.dll,,,,,0
Microsoft.Extensions.Identity.Core.dll,,,,,0
System.IO.Pipes.dll,,,,,0
Microsoft.Extensions.Logging.EventSource.dll,,,,,0
System.Dynamic.Runtime.dll,,,,,0
System.Runtime.InteropServices.RuntimeInformation.dll,,,,,0
System.Net.WebSockets.Client.dll,,,,,0
Microsoft.VisualBasic.Core.dll,,,,,0
System.Diagnostics.EventLog.dll,,,,,0
Microsoft.Extensions.Logging.Console.dll,,,,,0
System.Net.Sockets.dll,,,,,0
System.Threading.Tasks.Parallel.dll,,,,,0
System.Reflection.Extensions.dll,,,,,0
Microsoft.AspNetCore.Cryptography.Internal.dll,,,,,0
Microsoft.AspNetCore.Mvc.ApiExplorer.dll,,,,,0
System.Buffers.dll,,,,,0
System.Text.RegularExpressions.dll,,,,,0
System.Linq.Parallel.dll,,,,,0
Microsoft.AspNetCore.Components.Authorization.dll,,,,,0
System.Runtime.Intrinsics.dll,,,,,0
System.Threading.Thread.dll,,,,,0
System.IO.FileSystem.dll,,,,,0
System.Web.dll,,,,,0
Microsoft.AspNetCore.Http.Connections.Common.dll,,,,,0
System.Net.Http.dll,,,,,0
System.Xml.XDocument.dll,,,,,0
System.Globalization.dll,,,,,0
System.Globalization.Calendars.dll,,,,,0
System.ComponentModel.Primitives.dll,,,,,0
Microsoft.AspNetCore.WebUtilities.dll,,,,,0
System.Runtime.Numerics.dll,,,,,0
Microsoft.AspNetCore.dll,,,,,0
System.AppContext.dll,,,,,0
Microsoft.AspNetCore.Mvc.TagHelpers.dll,,,,,0
Microsoft.AspNetCore.SignalR.Common.dll,,,,,0
System.Data.dll,,,,,0
Microsoft.AspNetCore.Server.Kestrel.Transport.Sockets.dll,,,,,0
System.Reflection.Metadata.dll,,,,,0
Microsoft.AspNetCore.Mvc.Cors.dll,,,,,0
System.Globalization.Extensions.dll,,,,,0
Microsoft.AspNetCore.Server.Kestrel.Core.dll,,,,,0
Microsoft.AspNetCore.Server.IIS.dll,,,,,0
Microsoft.AspNetCore.SignalR.Protocols.Json.dll,,,,,0
mscorlib.dll,,,,,0
System.Security.Cryptography.Csp.dll,,,,,0
System.Net.dll,,,,,0
Microsoft.JSInterop.dll,,,,,0
Microsoft.Extensions.Http.dll,,,,,0
System.Runtime.dll,,,,,0
System.Runtime.Serialization.Primitives.dll,,,,,0
Microsoft.Extensions.Configuration.CommandLine.dll,,,,,0
Jenson.Shared.dll,,,,,0
Jenson.Avensia.dll,,,,,0
System.Text.Json.dll,,,,,0
Microsoft.OData.Edm.dll,,,,,0
Pipelines.Sockets.Unofficial.dll,,,,,0
StructureMap.dll,,,,,0
FluentMigrator.Abstractions.dll,,,,,0
Microsoft.Extensions.Configuration.dll,,,,,0
Advanced.CMS.GroupingHeader.dll,,,,,0
Microsoft.Extensions.Caching.Memory.dll,,,,,0
AutoMapper.dll,,,https://api.nuget.org/v3-flatcontainer/automapper/index.json,,1
System.Data.SqlServerCe.dll,,,,,0
Gulla.Episerver.SqlStudio.dll,,,https://nuget.optimizely.com/package/?id=Gulla.Episerver.SqlStudio,,1
Jenson.Riskified.dll,,,,,0
System.Security.Cryptography.Xml.dll,,,,,0
FluentMigrator.Runner.Firebird.dll,,,,,0
Jenson.Dynamics.dll,,,,,0
Jenson.Migrations.dll,,,,,0
Jenson.BloomReach.dll,,,,,0
Swashbuckle.AspNetCore.SwaggerGen.dll,,,,,0
FluentMigrator.Extensions.SqlAnywhere.dll,,,,,0
System.Diagnostics.DiagnosticSource.dll,,,,,0
log4net.dll,,,https://api.nuget.org/v3-flatcontainer/log4net/index.json,,1
Avensia.Storefront.Connector.dll,,,https://nuget.optimizely.com/package/?id=Avensia.Storefront.Connector,,1
FluentMigrator.Runner.Core.dll,,,,,0
Jenson.IdentityProvider.dll,,,,,0
System.ClientModel.dll,,,,,0
Swashbuckle.AspNetCore.Swagger.dll,,,,,0
Digizuite.Sdk.Core.dll,,,https://api.nuget.org/v3-flatcontainer/digizuite.sdk.core/index.json,,1
Nito.AsyncEx.Context.dll,,,,,0
Avensia.Storefront.Connector.Opti.Views.dll,,,https://nuget.optimizely.com/package/?id=Avensia.Storefront.Connector.Opti,,1
FluentMigrator.Runner.SqlServerCe.dll,,,,,0
JetBrains.Annotations.dll,,,,,0
FluentMigrator.Runner.SQLite.dll,,,,,0
Microsoft.Dynamics.Commerce.RetailProxy.ScaleUnit.dll,,,,,0
Nest.dll,,,,,0
Razor.Templating.Core.dll,,,,,0
Microsoft.Extensions.Diagnostics.HealthChecks.dll,,,https://api.nuget.org/v3-flatcontainer/microsoft.extensions.diagnostics.healthchecks/index.json,,1
Jenson.CmsMigrations.dll,,,,,0
Elasticsearch.Net.dll,,,https://api.nuget.org/v3-flatcontainer/elastic.clients.elasticsearch/index.json,,1
Jenson.Domain.dll,,,,,0
Nito.Disposables.dll,,,https://api.nuget.org/v3-flatcontainer/nito.disposables/index.json,,1
Digizuite.Sdk.dll,,,https://api.nuget.org/v3-flatcontainer/digizuite.sdk/index.json,,1
TimeZoneConverter.dll,,,,,0
FluentMigrator.Runner.SqlAnywhere.dll,,,,,0
Microsoft.OData.Core.dll,,,https://api.nuget.org/v3-flatcontainer/microsoft.odata.core/index.json,,1
Microsoft.OpenApi.dll,,,https://api.nuget.org/v3-flatcontainer/microsoft.openapi/index.json,,1
Algolia.Search.dll,,,,,0
Digizuite.Optimizely.dll,,,https://api.nuget.org/v3-flatcontainer/digizuite.optimizely/index.json,,1
System.Security.Cryptography.Pkcs.dll,,,,,0
Microsoft.AspNetCore.Mvc.Razor.RuntimeCompilation.dll,,,,,0
FluentMigrator.Runner.Hana.dll,,,,,0
Swashbuckle.AspNetCore.SwaggerUI.dll,,,,,0
MediatR.Extensions.Microsoft.DependencyInjection.dll,,,,,0
StructureMap.Microsoft.DependencyInjection.dll,,,,,0
MediatR.dll,,,,,0
Nito.AsyncEx.Tasks.dll,,,,,0
Swashbuckle.AspNetCore.Swagger.dll,,,https://api.nuget.org/v3-flatcontainer/swashbuckle.aspnetcore.swagger/index.json,,1
PictureRenderer.Optimizely.dll,,,https://nuget.optimizely.com/package/?id=PictureRenderer.Optimizely,,1
PictureRenderer.dll,,,https://github.com/ErikHen/PictureRenderer,,1
Microsoft.Extensions.Http.Polly.dll,,,https://api.nuget.org/v3-flatcontainer/microsoft.extensions.http.polly/index.json,,1
Google.Cloud.RecaptchaEnterprise.V1.dll,,,https://api.nuget.org/v3-flatcontainer/google.cloud.recaptchaenterprise.v1/index.json,,1
Google.Api.Gax.dll,,,https://api.nuget.org/v3-flatcontainer/google.api.gax/index.json,,1
Google.Api.CommonProtos.dll,,,https://api.nuget.org/v3-flatcontainer/google.api.commonprotos/index.json,,1
Microsoft.OpenApi.dll,,,https://api.nuget.org/v3-flatcontainer/microsoft.openapi/index.json,,1
Dapper.dll,,,https://api.nuget.org/v3-flatcontainer/dapper/index.json,,1
Google.Apis.dll,,,https://api.nuget.org/v3-flatcontainer/google.apis/index.json,,1
Grpc.Net.Client.dll,,,https://api.nuget.org/v3-flatcontainer/grpc.net.client/index.json,,1
Geta.NotFoundHandler.dll,,,https://github.com/Geta/geta-notfoundhandler,,1
Geta.NotFoundHandler.Optimizely.dll,,,https://nuget.optimizely.com/package/?id=Geta.NotFoundHandler.Optimizely,,1
MailChimp.Net.dll,,,https://api.nuget.org/v3-flatcontainer/grpc.net.client/index.json,,1
Polly.Contrib.WaitAndRetry.dll,,,,,0
StackifyLib.dll,,,https://github.com/stackify/stackify-api-dotnet,,1
Polly.Extensions.Http.dll,,,,,0
StackifyLib.AspNetCore.dll,,,,,0
Polly.Contrib.WaitAndRetry.dll,,,,,0
OpenIddict.Core.dll,,,https://github.com/openiddict/openiddict-core,,1
OpenIddict.EntityFrameworkCore.Models.dll,,,,,0
OpenIddict.EntityFrameworkCore.dll,,,,,0
Nito.Collections.Deque.dll,,,https://api.nuget.org/v3-flatcontainer/nito.collections.deque/index.json,,1
DbLocalizationProvider.Storage.SqlServer.dll,,,,,0
OpenIddict.Validation.ServerIntegration.dll,,,,,0
Serilog.Sinks.File.dll,,,,,0
Serilog.Formatting.Compact.dll,,,,,0
Schumacher.Tamnar.ERP.dll,,,,,0
Schumacher.Optimizely.Logging.dll,,,,,0
Schumacher.Core.dll,,,,,0
Schumacher.Optimizely.Web.dll,,,,,0
Schumacher.Optimizely.Campaign.dll,,,,,0
Serilog.dll,,,https://api.nuget.org/v3-flatcontainer/serilog/index.json,,1
Schumacher.Optimizely.Tracking.dll,,,,,0
Schumacher.Optimizely.Core.dll,,,,,0
Schumacher.Website.dll,,,,,0
Serilog.Sinks.Debug.dll,,,,,0
OpenIddict.Server.dll,,,,,0
OpenIddict.Validation.dll,,,,,0
OpenIddict.Validation.SystemNetHttp.dll,,,,,0
OpenIddict.Server.DataProtection.dll,,,,,0
OpenIddict.Server.AspNetCore.dll,,,,,0
OpenIddict.Validation.AspNetCore.dll,,,,,0
OpenIddict.Validation.DataProtection.dll,,,,,0
Mapster.Core.dll,,,https://api.nuget.org/v3-flatcontainer/mapster.core/index.json,,1
OpenIddict.Abstractions.dll,,,,,0
Nito.Cancellation.dll,,,,,0
Serilog.Sinks.Console.dll,,,,,0
Nito.AsyncEx.Coordination.dll,,,,,0
Flurl.dll,,,https://api.nuget.org/v3-flatcontainer/flurl/index.json,,1
Flurl.Http.dll,,,,,0
Autofac.dll,,,https://api.nuget.org/v3-flatcontainer/autofac/index.json,,1
Scrutor.dll,,,https://github.com/khellang/Scrutor,,1
DynamicExpresso.Core.dll,,,https://api.nuget.org/v3-flatcontainer/dynamicexpresso.core/index.json,,1
DbLocalizationProvider.AdminUI.EPiServer.dll,,,,,0
DbLocalizationProvider.EPiServer.dll,,,,,0
DbLocalizationProvider.AspNetCore.dll,,,,,0
DbLocalizationProvider.AdminUI.AspNetCore.dll,,,,,0
DbLocalizationProvider.AdminUI.Models.dll,,,,,0
DbLocalizationProvider.dll,,,https://api.nuget.org/v3-flatcontainer/localizationprovider.aspnetcore/index.json,,1
FluentValidation.DependencyInjectionExtensions.dll,,,,,0
FluentValidation.AspNetCore.dll,,,https://api.nuget.org/v3-flatcontainer/fluentvalidation/index.json,,1
FluentResults.dll,,,,,0
DbLocalizationProvider.Abstractions.dll,,,,,0
EPiServer.Personalization.MaxMindGeolocation.dll,,,,,0
FluentValidation.dll,,,,,0
EPiServer.OpenIDConnect.dll,,,,,0
Nito.AsyncEx.Oop.dll,,,,,0
EPiServer.OpenIDConnect.UI.dll,,,,,0
Geta.Optimizely.GeolocationTools.dll,,,https://nuget.optimizely.com/package/?id=EPiServer.Personalization.MaxMindGeolocation,,1
Nito.AsyncEx.Interop.WaitHandles.dll,,,,,0
Serilog.Settings.Configuration.dll,,,,,0
Serilog.Extensions.Logging.dll,,,,,0
Serilog.Extensions.Hosting.dll,,,,,0
EPiServer.ServiceApi.dll,,,https://nuget.optimizely.com/package/?id=EPiServer.ServiceApi,,1
Microsoft.Extensions.Diagnostics.HealthChecks.Abstractions.dll,,,,,0
EPiServer.ServiceApi.Commerce.dll,,,https://nuget.optimizely.com/package/?id=EPiServer.ServiceApi.Commerce,,1
MaxMind.Db.dll,,,https://api.nuget.org/v3-flatcontainer/maxmind.db/index.json,,1
MaxMind.GeoIP2.dll,,,https://api.nuget.org/v3-flatcontainer/maxmind.geoip2/index.json,,1
Serilog.AspNetCore.dll,,,,,0
StronglyTypedIds.Attributes.dll,,,,,0
Mapster.dll,,,,,0
Wangkanai.Runtime.dll,,,,,0
AspNetCoreRateLimit.dll,,,,,0
Geta.NotFoundHandler.Admin.dll,,,https://github.com/Geta/geta-notfoundhandler,,1
Geta.NotFoundHandler.Optimizely.Commerce.dll,,,,,0
Geta.Optimizely.GeolocationTools.Commerce.dll,,,,,0
Wangkanai.Webserver.dll,,,,,0
Bia.Countries.dll,,,,,0
Avensia.Nitro5.Esales.ConnectorV2.dll,,,,,1
Avensia.Nitro5.inRiver.Core.dll,,,,,1
Avensia.Nitro5.inRiver.Connector.dll,,,,,1
Avensia.Nitro5.Scope.Mvc.dll,,,,,1
Avensia.Nitro5.Redirector.dll,,,,,1
KameleoonClient.dll,,,https://github.com/Kameleoon/client-js,,1
Irony.dll,,,https://github.com/IronyProject/Irony,,1
ExcelDataReader.dll,,,https://api.nuget.org/v3-flatcontainer/exceldatareader/index.json,,1
Avensia.Nitro5.Esales.IndexBuilder.dll,,,,,1
Nancy.dll,,,https://api.nuget.org/v3-flatcontainer/nancy/index.json,,1
Serilog.Enrichers.Environment.dll,,,,,0
SendGrid.Extensions.DependencyInjection.dll,,,,,0
Avensia.Payments.Aera.dll,,,,,1
ExcelNumberFormat.dll,,,,,0
Consignor.dll,,,,,0
Avensia.Nitro5.SiteInfra.dll,,,,,1
Avensia.Common.dll,,,,,1
YotpoIntegration.dll,,,,,1
EPPlus.dll,,,https://api.nuget.org/v3-flatcontainer/epplus/index.json,,1
Avensia.Shop.dll,,,,,1
FastMember.dll,,,,,0
Serilog.Enrichers.Thread.dll,,,,,0
EvtSource.dll,,,https://github.com/3ventic/EvtSource,,1
Serilog.Sinks.Raygun.dll,,,,,0
Mindscape.Raygun4Net.NetCore.dll,,,https://github.com/MindscapeHQ/raygun4net,,1
Mindscape.Raygun4Net.AspNetCore.dll,,,,,0
Porterbuddy.dll,,,,,0
Mindscape.Raygun4Net.NetCore.Common.dll,,,,,0
Avensia.Nitro5.Jobs.dll,,,,,1
Avensia.Nitro5.Facebook.ConversionsApi.dll,,,,,1
Avensia.Nitro5.Scope.dll,,,,,1
Avensia.Nitro5.SqlAdmin.dll,,,,,1
Avensia.Nitro5.Payments.TestPayment.dll,,,,,1
Auth0.AuthenticationApi.dll,,,,,0
Auth0.Core.dll,,,https://github.com/auth0/auth0.net,,1
ClosedXML.dll,,,,,0
Microsoft.Extensions.PlatformAbstractions.dll,,,,,0
Quartz.Extensions.Hosting.dll,,,https://api.nuget.org/v3-flatcontainer/quartz.extensions.hosting/index.json,,1
Quartz.Extensions.DependencyInjection.dll,,,,,0
Quartz.AspNetCore.dll,,,https://api.nuget.org/v3-flatcontainer/quartz.aspnetcore/index.json,,1
Quartz.dll,,,https://api.nuget.org/v3-flatcontainer/quartz/index.json,,1
Avensia.Nitro5.Esales.ConfigGeneration.dll,,,,,1
EPiServer.Cms.AddOns.Blocks.Component.dll,,,https://nuget.optimizely.com/package/?id=EPiServer.Cms.AddOns.Blocks,,1
EPiServer.Cms.AddOns.Blocks.dll,,,,,0
PhoneNumbers.dll,,,https://github.com/twcclegg/libphonenumber-csharp,,1
FakeItEasy.dll,,,https://github.com/FakeItEasy/FakeItEasy,,1
Avensia.Nitro5.Esales.DebugTools.dll,,,,,1
Avensia.Nitro5.Checkout.dll,,,,,1
Avensia.Nitro5.VirtualDiscounts.dll,,,,,1
Avensia.Nitro5.PriceHistory.dll,,,,,1
ClearScript.Core.dll,,,https://api.nuget.org/v3-flatcontainer/microsoft.clearscript.core/index.json,,1
ClearScript.V8.dll,,,https://api.nuget.org/v3-flatcontainer/microsoft.clearscript.v8/index.json,,1
ClearScript.V8.ICUData.dll,,,,,0
Serilog.Sinks.ApplicationInsights.dll,,,,,0
Avensia.Nitro5.ContentFinder.dll,,,,,1
Avensia.Nitro5.Forms.dll,,,,,1
XLParser.dll,,,https://github.com/spreadsheetlab/XLParser,,1
Avensia.Nitro5.Scope.EpiServer.dll,,,,,1
Avensia.Nitro5.Core.dll,,,,,1
Avensia.Nitro5.EpiFoundation.dll,,,,,1
Avensia.Nitro5.Localization.dll,,,,,1
System.Xml.XPath.XmlDocument.dll,,,,,0
EPiServer.AvataxConnector.dll,,,https://nuget.optimizely.com/package/?id=EPiServer.AvataxConnector,,1
System.Net.WebSockets.WebSocketProtocol.dll,,,,,0
Schema.NET.dll,,,https://api.nuget.org/v3-flatcontainer/schema.net/index.json,,1
Microsoft.AspNetCore.Server.Kestrel.Transport.Abstractions.dll,,,,,0
Microsoft.AspNetCore.Server.Kestrel.Https.dll,,,,,0
EPiServer.AvataxConnector.UI.dll,,,,,0
CoreWCF.WebHttp.dll,,,https://api.nuget.org/v3-flatcontainer/corewcf.webhttp/index.json,,1
System.Web.Services.Description.dll,,,,,0
CoreWCF.NetTcp.dll,,,,,0
EPiServer.Find.Personalization.dll,,,https://nuget.optimizely.com/package/?id=EPiServer.Find.Personalization,,1
CoreWCF.ConfigurationManager.dll,,,,,0
Microsoft.IdentityModel.Protocols.WsFederation.dll,,,,,0
Microsoft.Extensions.Diagnostics.HealthChecks.Abstractions.dll,,,,,0
Avalara.AvaTax.RestClient.dll,,,https://api.nuget.org/v3-flatcontainer/avalara.avatax/index.json,,1
EPiServer.ContentApi.Routing.dll,,,,,0
System.DirectoryServices.dll,,,,,0
EPiServer.ContentApi.Core.dll,,,https://nuget.optimizely.com/package/?id=EPiServer.ContentDeliveryApi.Core,,1
EPiServer.ContentApi.Cms.dll,,,,,0
MoreLinq.dll,,,https://api.nuget.org/v3-flatcontainer/morelinq/index.json,,1
EPPlus.Interfaces.dll,,,,,0
CoreWCF.NetFramingBase.dll,,,,,0
System.ServiceModel.NetFramingBase.dll,,,,,0
CoreWCF.Primitives.dll,,,,,0
CoreWCF.Http.dll,,,,,0
Microsoft.Bcl.TimeProvider.dll,,,https://api.nuget.org/v3-flatcontainer/microsoft.bcl.timeprovider/8.0.1/index.json,,1
System.DirectoryServices.Protocols.dll,,,,,0
Renci.SshNet.dll,,,https://github.com/sshnet/SSH.NET,,1
Microsoft.Extensions.Diagnostics.HealthChecks.Abstractions.dll,,,,,0
GeoCoordinate.NetCore.dll,,,https://api.nuget.org/v3-flatcontainer/geocoordinate.netcore/index.json,,1
System.Net.Http.Extensions.dll,,,,,0
System.Net.Http.Primitives.dll,,,,,0
Microsoft.OData.ModelBuilder.dll,,,,,0
System.Management.dll,,,,,0
Serilog.Extensions.Logging.ApplicationInsights.dll,,,,,0
System.Reactive.dll,,,https://api.nuget.org/v3-flatcontainer/system.reactive/index.json,,1
Microsoft.Web.XmlTransform.dll,,,,,0
StructureMap.AspNetCore.dll,,,,,0
ImageProcessor.Core.dll,,,https://github.com/JimBobSquarePants/ImageProcessor,,1
EPiServer.Labs.ProjectEnhancements.dll,,,https://nuget.optimizely.com/package/?id=EPiServer.Labs.ProjectEnhancements,,1
Microsoft.AspNetCore.OData.dll,,,,,0
NuGet.Common.dll,,,,,0
Microsoft.Owin.Security.dll,,,,,0
EPiServer.GoogleAnalytics.dll,,,https://nuget.optimizely.com/package/?id=EPiServer.GoogleAnalytics,,1
Geta.Optimizely.Tags.dll,,,https://nuget.optimizely.com/package/?id=Geta.Optimizely.Tags,,1
EPiServer.Commerce.FindSearchProvider.dll,,,https://nuget.optimizely.com/package/?id=EPiServer.Commerce.FindSearchProvider,,1
System.Web.WebPages.Razor.dll,,,,,0
System.Web.WebPages.Deployment.dll,,,,,0
System.Web.Razor.dll,,,,,0
System.Web.WebPages.dll,,,,,0
System.Web.Helpers.dll,,,,,0
System.Web.Http.dll,,,,,0
System.Web.Mvc.dll,,,,,0
Microsoft.AspNetCore.Authentication.Negotiate.dll,,,,,0
Microsoft.AspNetCore.Connections.Abstractions.dll,,,,,0
EPiServer.ContentApi.Search.dll,,,,,0
Episerver.Marketing.Common.dll,,,,,0
EPiServer.ContentApi.Search.Commerce.dll,,,,,0
EPiServer.ContentManagementApi.dll,,,,,0
EPiServer.ContentApi.Forms.dll,,,,,0
EPiServer.ContentDefinitionsApi.dll,,,,,0
Microsoft.Extensions.Primitives.dll,,,,,0
System.Text.Encodings.Web.dll,,,,,0
Microsoft.Extensions.Options.dll,,,,,0
Microsoft.Extensions.Diagnostics.Abstractions.dll,,,,,0
Microsoft.Extensions.Configuration.Binder.dll,,,,,0
constructor.io.dll,,,https://api.nuget.org/v3-flatcontainer/constructor.io/index.json,,1
Bynder.dll,,,,,0
EPiServer.ContentApi.Commerce.dll,,,,,0
Episerver.Marketing.Connector.dll,,,,,0
Episerver.Marketing.Connector.Forms.dll,,,,,0
Advanced.CMS.ApprovalReviews.dll,,,,,0
Microsoft.Owin.dll,,,,,0
Microsoft.Owin.Host.SystemWeb.dll,,,,,0
Microsoft.Owin.Security.Cookies.dll,,,,,0
Microsoft.Owin.Security.OpenIdConnect.dll,,,,,0
Geta.Optimizely.Categories.Views.dll,,,,,0
Geta.Optimizely.Categories.dll,,,https://nuget.optimizely.com/package/?id=Geta.Optimizely.Categories,,1
Geta.Optimizely.Categories.Find.dll,,,,,0
AWSSDK.SimpleNotificationService.dll,,,,,0
EPiServer.Telemetry.UI.dll,,,,,0
EPiServer.Labs.ContentManager.Core.dll,,,,,0
EPiServer.Labs.ContentManager.dll,,,https://nuget.optimizely.com/package/?id=EPiServer.Labs.ContentManager,,1
Advanced.CMS.TimeProperty.dll,,,,,0
EPiServer.PdfPreview.dll,,,https://nuget.optimizely.com/package/?id=EPiServer.PdfPreview,,1
GraphQL.Client.dll,,,https://api.nuget.org/v3-flatcontainer/graphql.client/index.json,,1
GraphQL.Client.Abstractions.Websocket.dll,,,,,0
GraphQL.Client.Serializer.Newtonsoft.dll,,,,,0
GraphQL.Primitives.dll,,,,,0
GraphQL.Client.Abstractions.dll,,,,,0
Microsoft.AspNet.Identity.Core.dll,,,https://api.nuget.org/v3-flatcontainer/microsoft.aspnet.identity.core/index.json,,1
UNRVLD.ODP.VisitorGroups.dll,,,https://github.com/unrvld/ODP.VisitorGroups,,1
Owin.dll,,,,,0
NuGet.Configuration.dll,,,,,0
NuGet.Frameworks.dll,,,,,0
NuGet.Packaging.dll,,,,,0
NuGet.Protocol.dll,,,,,0
NuGet.Versioning.dll,,,,,0
Braintree.dll,,,https://api.nuget.org/v3-flatcontainer/braintree/index.json,,1
Advanced.CMS.AdvancedReviews.dll,,,https://nuget.optimizely.com/package/?id=Advanced.CMS.AdvancedReviews,,1
Advanced.CMS.ExternalReviews.dll,,,,,0
KountRisSdk.dll,,,,,0
Microsoft.Web.Infrastructure.dll,,,,,0
MurmurHash.dll,,,https://api.nuget.org/v3-flatcontainer/murmurhash/index.json,,1
ImagePointEditor.dll,,,https://github.com/ErikHen/ImagePointEditor,,1
NJsonSchema.dll,,,https://github.com/RicoSuter/NJsonSchema,,1
reCAPTCHA.AspNetCore.dll,,,https://github.com/griesoft/aspnetcore-recaptcha,,1
Dapper.Contrib.dll,,,,,0
RazorLight.dll,,,https://github.com/toddams/RazorLight,,1
Episerver.Turnstile.Contracts.Hmac.dll,,,https://nuget.optimizely.com/package/?id=EPiServer.Turnstile.Contracts.Hmac,,1
MimeTypes.dll,,,https://api.nuget.org/v3-flatcontainer/mimetypes/index.json,,1
EPiServer.InstantTemplates.dll,,,https://nuget.optimizely.com/package/?id=EPiServer.InstantTemplates,,1
Namotion.Reflection.dll,,,https://api.nuget.org/v3-flatcontainer/namotion.reflection/index.json,,1
FluentEmail.Razor.dll,,,,,0
FluentEmail.Smtp.dll,,,,,0
FluentEmail.Core.dll,,,https://api.nuget.org/v3-flatcontainer/fluentemail.core/index.json,,1
DEPSalesforce.dll,,,,,0
Microsoft.AspNetCore.Authentication.JwtBearer.dll,,,https://api.nuget.org/v3-flatcontainer/microsoft.aspnetcore.authentication.jwtbearer/index.json,,1
Advanced.CMS.MediaDownload.dll,,,https://nuget.optimizely.com/package/?id=Advanced.CMS.MediaDownload,,1
Microsoft.Azure.CognitiveServices.Vision.ComputerVision.dll,,,,,0
Optimizely.Cms.Preview2.Content.Models.dll,,,https://nuget.optimizely.com/package/?id=Optimizely.Cms.Preview1.Content.Models,,1
GraphQLParser.dll,,,https://api.nuget.org/v3-flatcontainer/graphql-parser/index.json,,1
Google.Apis.Auth.dll,,,,,0
Google.Apis.Core.dll,,,https://api.nuget.org/v3-flatcontainer/google.apis.core/index.json,,1
EPiServer.ContentGraph.dll,,,https://nuget.optimizely.com/package/?id=Optimizely.ContentGraph.Cms,,1
TinymceDamPicker.dll,,,https://nuget.optimizely.com/package/?id=TinymceDamPicker,,1
Google.Apis.YouTube.v3.dll,,,,,0
ExtendedCms.TinyMceEnhancements.dll,,,,,0
Microsoft.AspNetCore.SpaServices.Extensions.dll,,,,,0
ExcelDataReader.DataSet.dll,,,https://github.com/ExcelDataReader/ExcelDataReader,,1
itext.commons.dll,,,https://api.nuget.org/v3-flatcontainer/google.apis.core/index.json,,1
itext.bouncy-castle-adapter.dll,,,,,0
itext.io.dll,,,,,0
itext.bouncy-castle-connector.dll,,,,,0
Markdig.dll,,,https://api.nuget.org/v3-flatcontainer/markdig/index.json,,1
itext.kernel.dll,,,,,0
itext.layout.dll,,,,,0
itext.pdfa.dll,,,,,0
itext.pdfua.dll,,,,,0
itext.forms.dll,,,,,0
itext.styledxmlparser.dll,,,,,0
itext.sign.dll,,,,,0
itext.svg.dll,,,,,0
Optimizely.Cms.Cmp.Publishing.dll,,,https://nuget.optimizely.com/package/?id=Optimizely.Cms.Cmp.Publishing,,1
EPiServer.OptimizelyIdentity.dll,,,https://nuget.optimizely.com/package/?id=EPiServer.OptimizelyIdentity,,1
Optimizely.ContentGraph.Core.NetCore.dll,,,https://nuget.optimizely.com/package/?id=Optimizely.ContentGraph.Cms,,1
Optimizely.ContentGraph.Cms.NetCore.dll,,,,,0
OptimizelycomNetCore.dll,,,,,0
itext.barcodes.dll,,,,,0
Optimizely.Cms.Preview1.Jobs.dll,,,,,0
Optimizely.Cms.Preview1.Jobs.EPiServer.dll,,,,,0
Optimizely.Cms.Preview1.Service.dll,,,,,0
GraphQL.dll,,,https://github.com/graphql-dotnet/graphql-client,,1
Boxed.AspNetCore.TagHelpers.dll,,,,,0
Boxed.AspNetCore.dll,,,https://github.com/Dotnet-Boxed/Framework,,1
Jering.Javascript.NodeJS.dll,,,https://api.nuget.org/v3-flatcontainer/jering.javascript.nodejs/index.json,,1
Alloy.HideTabs.dll,,,,,0
Optimizely.Cms.Preview2.Core.dll,,,,,0
Optimizely.Cms.Preview2.Content.EPiServer.dll,,,,,0
DapperExtensions.DotnetCore.dll,,,,,0
Optimizely.Cms.Preview2.Content.dll,,,,,0
OptimizelySDK.NetStandard20.dll,,,,,0
Microsoft.Extensions.Options.dll,,,,,0
Jhoose.Security.Core.dll,,,https://github.com/andrewmarkham/contentsecuritypolicy,,1
Jhoose.Security.dll,,,,,0
EPiServer.Cms.WelcomeIntegration.UI.dll,,,,,0
EPiServer.Cms.WelcomeIntegration.Core.dll,,,https://nuget.optimizely.com/package/?id=EPiServer.Cms.WelcomeIntegration.Core,,1
Optimizely.Headless.Form.Core.dll,,,,,0
Optimizely.Headless.Form.Service.dll,,,,,0
Dapper.Database.dll,,,https://github.com/DapperLib/Dapper,,1
AngleSharp.dll,,,https://api.nuget.org/v3-flatcontainer/anglesharp/index.json,,1
DeepL.net.dll,,,https://api.nuget.org/v3-flatcontainer/deepl.net/index.json,,1
Optimizely.Cmp.Client.dll,,,https://nuget.optimizely.com/package/?id=Optimizely.Cmp.Client,,1
Optimizely.Cms.Preview1.Content.EPiServer.dll,,,,,0
Optimizely.Cms.Preview1.Core.dll,,,,,0
Optimizely.Cms.Preview1.Jobs.Models.dll,,,,,0
Optimizely.Cms.Preview1.Content.dll,,,,,0
Optimizely.Cms.Preview1.Content.Models.dll,,,,,0
Optimizely.Cms.Preview1.Service.Security.dll,,,,,0
Advanced.CMS.ImagePreview.dll,,,,,0
Microsoft.DotNet.PlatformAbstractions.dll,,,,,0
Avensia.DynamicsErp.dll,,,,,1
Avensia.SnapChatCapiClient.dll,,,,,1
Avensia.Nitro5.FeatureExperimentation.dll,,,,,1
MiniProfiler.Shared.dll,,,https://api.nuget.org/v3-flatcontainer/miniprofiler.shared/index.json,,1
ReHackt.Extensions.Options.Validation.dll,,,https://github.com/LionelVallet/ReHackt.Extensions.Options.Validation,,1
Microsoft.Extensions.Primitives.dll,,,,,0
Microsoft.Extensions.Configuration.Binder.dll,,,,,0
Microsoft.AspNetCore.Authentication.Google.dll,,,,,1
Microsoft.Extensions.Logging.Debug.dll,,,,,0
Avensia.Nitro5.Voyado.Connector.dll,,,,,1
System.Text.Encodings.Web.dll,,,,,0
Avensia.Nitro5.Esales.Connector.dll,,,,,1
Avensia.Nitro5.Payments.Vipps.dll,,,,,1
Microsoft.Extensions.Diagnostics.HealthChecks.Abstractions.dll,,,,,0
Microsoft.AspNetCore.Authentication.Facebook.dll,,,https://api.nuget.org/v3-flatcontainer/microsoft.aspnetcore.authentication.facebook/index.json,,1
Microsoft.Extensions.Options.dll,,,,,0
Avensia.Nitro5.Payments.KlarnaCheckoutV3.dll,,,,,1
OptimizelySDK.NetStandard20.dll,,,,,1
NJsonSchema.dll,,,,,1
Namotion.Reflection.dll,,,,,1
MurmurHash.dll,,,,,1
